asset,mean_return
0,0.08745401188473625
1,0.1450714306409916
2,0.12319939418114051
3,0.10986584841970365
4,0.06560186404424365
5,0.06559945203362026
6,0.05580836121681995
7,0.1366176145774935
